{"MNRF: Groundtruth": 2.1917740197155916e-07, "MNRF: redo": 0.10088099597675536, "MSE: redo": 0.30496345398534974, "Escaping Particles: redo": 0.0, "MNRF: Allout": 0.20109317926447315, "MSE: Allout": 0.42329878564437856, "Escaping Particles: Allout": 0.0}