{"MNRF: Groundtruth": 2.1917740197155916e-07, "MNRF: redo": 0.10088099597675536, "MSE: redo": 0.30496345398534974, "Escaping Particles: redo": 0.0, "MNRF: Allout": 0.20109317926447315, "MSE: Allout": 0.42329878564437856, "Escaping Particles: Allout": 0.0, "MNRF: redo_Push": 0.10088099597675534, "MSE: redo_Push": 0.30496345398534974, "Escaping Particles: redo_Push": 0.0, "MNRF: Allout_Push": 0.20109317926447312, "MSE: Allout_Push": 0.42329878564437856, "Escaping Particles: Allout_Push": 0.0, "MNRF: lr_small_Push": 0.22133120318722807, "MSE: lr_small_Push": 0.46784454247361373, "Escaping Particles: lr_small_Push": 0.0}