{"MNRF: Groundtruth": 0.022833162834572, "MNRF: Emb16": 0.5329655706339961, "MSE: Emb16": 0.8523292160427063, "Escaping Particles: Emb16": 0.15846153846153846, "MNRF: Emb32": 0.48910265520032314, "MSE: Emb32": 0.8491571875393813, "Escaping Particles: Emb32": 0.0057692307692307696, "MNRF: Emb64": 0.46772463245302054, "MSE: Emb64": 0.843579320032874, "Escaping Particles: Emb64": 0.0, "MNRF: Emb128": 0.4484905518302253, "MSE: Emb128": 0.8437538017249245, "Escaping Particles: Emb128": 0.0038461538461538464, "MNRF: Emb256": 0.46755709388900807, "MSE: Emb256": 0.8455314338524182, "Escaping Particles: Emb256": 0.024615384615384615}