{"Ground truth": 0.022833162834572, "Emb16": 0.532965570633996, "Emb32": 0.48910265520032314, "Emb64": 0.4677246324530206, "Emb128": 0.4484905518302253, "Emb256": 0.46755709388900807}