{"MNRF: Groundtruth": 0.022833162834572, "MNRF: Emb16_Push": 0.532965570633996, "MSE: Emb16_Push": 0.8523292160427063, "Escaping Particles: Emb16_Push": 0.15846153846153846, "MNRF: Emb32_Push": 0.48910265520032314, "MSE: Emb32_Push": 0.8491571875393813, "Escaping Particles: Emb32_Push": 0.0057692307692307696, "MNRF: Emb64_Push": 0.46772463245302054, "MSE: Emb64_Push": 0.843579320032874, "Escaping Particles: Emb64_Push": 0.0, "MNRF: Emb128_Push": 0.4484905518302253, "MSE: Emb128_Push": 0.8437538017249245, "Escaping Particles: Emb128_Push": 0.0038461538461538464, "MNRF: Emb256_Push": 0.46755709388900807, "MSE: Emb256_Push": 0.8455314338524182, "Escaping Particles: Emb256_Push": 0.024615384615384615}