{"MNRF: Groundtruth": 0.022833162834572, "MNRF: Emb128": 0.4484905518302252, "MSE: Emb128": 0.8437538017249245, "Escaping Particles: Emb128": 0.0038461538461538464, "MNRF: bundle": 0.4141654759720567, "MSE: bundle": 0.8450169940477121, "Escaping Particles: bundle": 0.0, "MNRF: forward5": 0.4276737291754358, "MSE: forward5": 0.8364987949079932, "Escaping Particles: forward5": 0.0, "MNRF: forward10": 0.43787520030248955, "MSE: forward10": 0.838908801595259, "Escaping Particles: forward10": 0.0, "MNRF: forward15": 0.4184001341654752, "MSE: forward15": 0.8353163815708865, "Escaping Particles: forward15": 0.0, "MNRF: forward20": 0.4286866042688822, "MSE: forward20": 0.8365791790931975, "Escaping Particles: forward20": 0.0, "MNRF: Allout": 0.41603645484399016, "MSE: Allout": 0.8466714456251019, "Escaping Particles: Allout": 0.0}