{"MNRF: Groundtruth": 0.022833162834572, "MNRF: Emb128_Push": 0.4484905518302253, "MSE: Emb128_Push": 0.8437538017249245, "Escaping Particles: Emb128_Push": 0.0038461538461538464, "MNRF: bundle_Push": 0.4141654759720567, "MSE: bundle_Push": 0.8450169940477119, "Escaping Particles: bundle_Push": 0.0, "MNRF: forward5_Push": 0.4276737291754358, "MSE: forward5_Push": 0.8364987949079932, "Escaping Particles: forward5_Push": 0.0, "MNRF: forward10_Push": 0.43787520030248955, "MSE: forward10_Push": 0.8389088015952592, "Escaping Particles: forward10_Push": 0.0, "MNRF: forward15_Push": 0.41840013416547533, "MSE: forward15_Push": 0.8353163815708865, "Escaping Particles: forward15_Push": 0.0, "MNRF: forward20_Push": 0.428686604268882, "MSE: forward20_Push": 0.8365791790931975, "Escaping Particles: forward20_Push": 0.0, "MNRF: Allout_Push": 0.41603645484399016, "MSE: Allout_Push": 0.8466714456251019, "Escaping Particles: Allout_Push": 0.0}