{"MNRF: Groundtruth": 0.022833162834572, "MNRF: msg0_Push": 0.3853655126837614, "MSE: msg0_Push": 0.9679350102861058, "Escaping Particles: msg0_Push": 46.60807692307692, "MNRF: msg1_Push": 0.5424307640973981, "MSE: msg1_Push": 0.882694987780167, "Escaping Particles: msg1_Push": 0.0, "MNRF: msg2_Push": 0.45591854672998083, "MSE: msg2_Push": 0.8517491113222688, "Escaping Particles: msg2_Push": 0.0, "MNRF: msg3_Push": 0.41604294305053025, "MSE: msg3_Push": 0.8482097723340853, "Escaping Particles: msg3_Push": 0.0, "MNRF: msg4_Push": 0.3639938945340879, "MSE: msg4_Push": 0.8452771492421937, "Escaping Particles: msg4_Push": 0.0, "MNRF: msg5_Push": 0.36840019116734496, "MSE: msg5_Push": 0.8492778129386708, "Escaping Particles: msg5_Push": 0.0, "MNRF: msg6_Push": 0.3705611398586429, "MSE: msg6_Push": 0.8484692670650112, "Escaping Particles: msg6_Push": 0.0, "MNRF: msg7_Push": 0.3999557811377335, "MSE: msg7_Push": 0.8519934192627426, "Escaping Particles: msg7_Push": 0.0}