{"MNRF: Groundtruth": 0.022833162834572, "MNRF: msg0": 0.3853655126837614, "MSE: msg0": 0.9679350102861058, "Escaping Particles: msg0": 46.60807692307692, "MNRF: msg1": 0.5424307640973981, "MSE: msg1": 0.882694987780167, "Escaping Particles: msg1": 0.0, "MNRF: msg2": 0.45591854672998083, "MSE: msg2": 0.851749111322269, "Escaping Particles: msg2": 0.0, "MNRF: msg3": 0.41604294305053025, "MSE: msg3": 0.8482097723340851, "Escaping Particles: msg3": 0.0, "MNRF: msg4": 0.363993894534088, "MSE: msg4": 0.8452771492421937, "Escaping Particles: msg4": 0.0, "MNRF: msg5": 0.36840019116734496, "MSE: msg5": 0.8492778129386708, "Escaping Particles: msg5": 0.0, "MNRF: msg6": 0.37056113985864286, "MSE: msg6": 0.8484692670650112, "Escaping Particles: msg6": 0.0, "MNRF: msg7": 0.3999557811377334, "MSE: msg7": 0.8519934192627426, "Escaping Particles: msg7": 0.0}