{"MNRF: Groundtruth": 0.022833162834572, "MNRF: layer1_Push": 0.4762894086967622, "MSE: layer1_Push": 0.8627984349390038, "Escaping Particles: layer1_Push": 0.10038461538461538, "MNRF: layer2_Push": 0.3806738778713328, "MSE: layer2_Push": 0.8491008915296651, "Escaping Particles: layer2_Push": 0.0, "MNRF: Allout_Push": 0.41603645484399016, "MSE: Allout_Push": 0.8470184423712807, "Escaping Particles: Allout_Push": 0.0, "MNRF: layer4_Push": 0.410603064084357, "MSE: layer4_Push": 0.8575973191958333, "Escaping Particles: layer4_Push": 0.0}