{"MNRF: Groundtruth": 0.022833162834572, "MNRF: msg0_Push": 0.38536551268376146, "MSE: msg0_Push": 0.9681596465113493, "Escaping Particles: msg0_Push": 46.60807692307692, "MNRF: msg1_Push": 0.5424307640973982, "MSE: msg1_Push": 0.8829501662592814, "Escaping Particles: msg1_Push": 0.0, "MNRF: msg2_Push": 0.4559185467299807, "MSE: msg2_Push": 0.8520336746070813, "Escaping Particles: msg2_Push": 0.0, "MNRF: msg3_Push": 0.41604294305053025, "MSE: msg3_Push": 0.848599331427554, "Escaping Particles: msg3_Push": 0.0, "MNRF: msg4_Push": 0.3639938945340879, "MSE: msg4_Push": 0.8456802805839685, "Escaping Particles: msg4_Push": 0.0, "MNRF: msg5_Push": 0.368400191167345, "MSE: msg5_Push": 0.8497057253537234, "Escaping Particles: msg5_Push": 0.0, "MNRF: msg6_Push": 0.3705611398586429, "MSE: msg6_Push": 0.8488448739898471, "Escaping Particles: msg6_Push": 0.0, "MNRF: msg7_Push": 0.3999557811377334, "MSE: msg7_Push": 0.8524569752450089, "Escaping Particles: msg7_Push": 0.0, "MNRF: msg8_Push": 0.42949957213040946, "MSE: msg8_Push": 0.8570813867438009, "Escaping Particles: msg8_Push": 0.028846153846153848, "MNRF: msg9_Push": 0.4150095052194427, "MSE: msg9_Push": 0.8539747513558594, "Escaping Particles: msg9_Push": 0.0, "MNRF: msg10_Push": 0.4130872040296597, "MSE: msg10_Push": 0.853407660721142, "Escaping Particles: msg10_Push": 0.0, "MNRF: msg11_Push": 0.3703405663686432, "MSE: msg11_Push": 0.8492157027919928, "Escaping Particles: msg11_Push": 0.008846153846153846}