{"scale_x": [0.29510751, 87373.937, 0.29133149], "edge_mean": [2.286670160862157e-19, -5.716675402155393e-20, -5.716675402155393e-20, 0.5269666349009021], "edge_std": [0.31203223632107313, 0.3069515075385434, 0.3118359926776156, 0.10549919154214037], "y_mean": [0.00015216580476010104, -1.3270891575757565e-05, 0.00020134376659116163], "y_std": [0.0032303626216763437, 0.003330230238700818, 0.004002383909337566]}