{"scale_x": [0.39902788, 99693.54, 0.44756526], "edge_mean": [-1.4958485145068657e-20, -2.350619094225075e-20, 2.9916970290137315e-20, 0.5312624631787952], "edge_std": [0.3171918645976227, 0.3171208212973739, 0.3220341602090609, 0.15047420772538375], "y_mean": [4.84972321986221e-06, -9.28864405338089e-06, -4.348463092071521e-07], "y_std": [0.0038972180283172292, 0.00389422520893272, 0.004382080725747694]}