{"scale_x": [0.39991362, 99953.627, 0.44966645], "edge_mean": [-3.474005736336624e-18, -3.8600063737073605e-19, 3.0880050989658884e-18, 0.31474376189711695], "edge_std": [0.1615357764509219, 0.16154417110455216, 0.24109721835384437, 0.10608730976168801], "y_mean": [5.738409812110073e-12, 8.512836839108208e-12, -8.443763942484851e-20], "y_std": [0.00031559114907147873, 0.0003156463965477722, 0.0009250285535185042]}